id,dv,iv_comb,sum,iv_se,iv_ai
5,LibSum,"low, high",16,low,high
5,LibSum,"high, low",10,high,low
5,LibSum,"low, medium",12,low,medium
5,LibSum,"high, medium",11,high,medium
5,LibSum,"high, high",11,high,high
5,LibSum,"low, low",6,low,low
5,IntSum,"low, high",13,low,high
5,IntSum,"high, low",13,high,low
5,IntSum,"low, medium",12,low,medium
5,IntSum,"high, medium",14,high,medium
5,IntSum,"high, high",15,high,high
5,IntSum,"low, low",9,low,low
8,LibSum,"low, high",14,low,high
8,LibSum,"high, low",12,high,low
8,LibSum,"low, medium",10,low,medium
8,LibSum,"high, medium",12,high,medium
8,LibSum,"high, high",14,high,high
8,LibSum,"low, low",11,low,low
8,IntSum,"low, high",13,low,high
8,IntSum,"high, low",9,high,low
8,IntSum,"low, medium",6,low,medium
8,IntSum,"high, medium",14,high,medium
8,IntSum,"high, high",18,high,high
8,IntSum,"low, low",10,low,low
9,LibSum,"low, high",18,low,high
9,LibSum,"high, low",8,high,low
9,LibSum,"low, medium",15,low,medium
9,LibSum,"high, medium",10,high,medium
9,LibSum,"high, high",16,high,high
9,LibSum,"low, low",8,low,low
9,IntSum,"low, high",13,low,high
9,IntSum,"high, low",5,high,low
9,IntSum,"low, medium",13,low,medium
9,IntSum,"high, medium",9,high,medium
9,IntSum,"high, high",17,high,high
9,IntSum,"low, low",7,low,low
10,LibSum,"low, high",15,low,high
10,LibSum,"high, low",13,high,low
10,LibSum,"low, medium",12,low,medium
10,LibSum,"high, medium",13,high,medium
10,LibSum,"high, high",12,high,high
10,LibSum,"low, low",12,low,low
10,IntSum,"low, high",14,low,high
10,IntSum,"high, low",14,high,low
10,IntSum,"low, medium",9,low,medium
10,IntSum,"high, medium",15,high,medium
10,IntSum,"high, high",16,high,high
10,IntSum,"low, low",12,low,low
11,LibSum,"low, high",12,low,high
11,LibSum,"high, low",9,high,low
11,LibSum,"low, medium",10,low,medium
11,LibSum,"high, medium",11,high,medium
11,LibSum,"high, high",10,high,high
11,LibSum,"low, low",12,low,low
11,IntSum,"low, high",9,low,high
11,IntSum,"high, low",15,high,low
11,IntSum,"low, medium",8,low,medium
11,IntSum,"high, medium",15,high,medium
11,IntSum,"high, high",15,high,high
11,IntSum,"low, low",8,low,low
13,LibSum,"low, high",13,low,high
13,LibSum,"high, low",12,high,low
13,LibSum,"low, medium",12,low,medium
13,LibSum,"high, medium",12,high,medium
13,LibSum,"high, high",13,high,high
13,LibSum,"low, low",10,low,low
13,IntSum,"low, high",11,low,high
13,IntSum,"high, low",12,high,low
13,IntSum,"low, medium",11,low,medium
13,IntSum,"high, medium",13,high,medium
13,IntSum,"high, high",16,high,high
13,IntSum,"low, low",8,low,low
18,LibSum,"low, high",17,low,high
18,LibSum,"high, low",4,high,low
18,LibSum,"low, medium",9,low,medium
18,LibSum,"high, medium",10,high,medium
18,LibSum,"high, high",12,high,high
18,LibSum,"low, low",10,low,low
18,IntSum,"low, high",9,low,high
18,IntSum,"high, low",17,high,low
18,IntSum,"low, medium",6,low,medium
18,IntSum,"high, medium",15,high,medium
18,IntSum,"high, high",18,high,high
18,IntSum,"low, low",4,low,low
19,LibSum,"low, high",13,low,high
19,LibSum,"high, low",11,high,low
19,LibSum,"low, medium",12,low,medium
19,LibSum,"high, medium",12,high,medium
19,LibSum,"high, high",13,high,high
19,LibSum,"low, low",10,low,low
19,IntSum,"low, high",17,low,high
19,IntSum,"high, low",18,high,low
19,IntSum,"low, medium",9,low,medium
19,IntSum,"high, medium",14,high,medium
19,IntSum,"high, high",20,high,high
19,IntSum,"low, low",10,low,low
20,LibSum,"low, high",17,low,high
20,LibSum,"high, low",6,high,low
20,LibSum,"low, medium",11,low,medium
20,LibSum,"high, medium",12,high,medium
20,LibSum,"high, high",16,high,high
20,LibSum,"low, low",12,low,low
20,IntSum,"low, high",14,low,high
20,IntSum,"high, low",17,high,low
20,IntSum,"low, medium",7,low,medium
20,IntSum,"high, medium",19,high,medium
20,IntSum,"high, high",20,high,high
20,IntSum,"low, low",4,low,low
21,LibSum,"low, high",18,low,high
21,LibSum,"high, low",6,high,low
21,LibSum,"low, medium",12,low,medium
21,LibSum,"high, medium",5,high,medium
21,LibSum,"high, high",14,high,high
21,LibSum,"low, low",14,low,low
21,IntSum,"low, high",16,low,high
21,IntSum,"high, low",6,high,low
21,IntSum,"low, medium",8,low,medium
21,IntSum,"high, medium",9,high,medium
21,IntSum,"high, high",19,high,high
21,IntSum,"low, low",4,low,low
22,LibSum,"low, high",13,low,high
22,LibSum,"high, low",11,high,low
22,LibSum,"low, medium",13,low,medium
22,LibSum,"high, medium",11,high,medium
22,LibSum,"high, high",12,high,high
22,LibSum,"low, low",15,low,low
22,IntSum,"low, high",12,low,high
22,IntSum,"high, low",12,high,low
22,IntSum,"low, medium",10,low,medium
22,IntSum,"high, medium",14,high,medium
22,IntSum,"high, high",16,high,high
22,IntSum,"low, low",8,low,low
23,LibSum,"low, high",17,low,high
23,LibSum,"high, low",7,high,low
23,LibSum,"low, medium",12,low,medium
23,LibSum,"high, medium",9,high,medium
23,LibSum,"high, high",9,high,high
23,LibSum,"low, low",9,low,low
23,IntSum,"low, high",14,low,high
23,IntSum,"high, low",8,high,low
23,IntSum,"low, medium",4,low,medium
23,IntSum,"high, medium",6,high,medium
23,IntSum,"high, high",8,high,high
23,IntSum,"low, low",4,low,low
24,LibSum,"low, high",12,low,high
24,LibSum,"high, low",12,high,low
24,LibSum,"low, medium",12,low,medium
24,LibSum,"high, medium",12,high,medium
24,LibSum,"high, high",13,high,high
24,LibSum,"low, low",12,low,low
24,IntSum,"low, high",15,low,high
24,IntSum,"high, low",9,high,low
24,IntSum,"low, medium",12,low,medium
24,IntSum,"high, medium",10,high,medium
24,IntSum,"high, high",16,high,high
24,IntSum,"low, low",9,low,low
25,LibSum,"low, high",11,low,high
25,LibSum,"high, low",10,high,low
25,LibSum,"low, medium",9,low,medium
25,LibSum,"high, medium",8,high,medium
25,LibSum,"high, high",13,high,high
25,LibSum,"low, low",4,low,low
25,IntSum,"low, high",9,low,high
25,IntSum,"high, low",14,high,low
25,IntSum,"low, medium",4,low,medium
25,IntSum,"high, medium",14,high,medium
25,IntSum,"high, high",18,high,high
25,IntSum,"low, low",4,low,low
26,LibSum,"low, high",19,low,high
26,LibSum,"high, low",8,high,low
26,LibSum,"low, medium",15,low,medium
26,LibSum,"high, medium",10,high,medium
26,LibSum,"high, high",16,high,high
26,LibSum,"low, low",10,low,low
26,IntSum,"low, high",10,low,high
26,IntSum,"high, low",17,high,low
26,IntSum,"low, medium",18,low,medium
26,IntSum,"high, medium",17,high,medium
26,IntSum,"high, high",17,high,high
26,IntSum,"low, low",4,low,low
27,LibSum,"low, high",15,low,high
27,LibSum,"high, low",10,high,low
27,LibSum,"low, medium",15,low,medium
27,LibSum,"high, medium",11,high,medium
27,LibSum,"high, high",14,high,high
27,LibSum,"low, low",11,low,low
27,IntSum,"low, high",15,low,high
27,IntSum,"high, low",13,high,low
27,IntSum,"low, medium",14,low,medium
27,IntSum,"high, medium",14,high,medium
27,IntSum,"high, high",17,high,high
27,IntSum,"low, low",8,low,low
28,LibSum,"low, high",12,low,high
28,LibSum,"high, low",11,high,low
28,LibSum,"low, medium",13,low,medium
28,LibSum,"high, medium",13,high,medium
28,LibSum,"high, high",14,high,high
28,LibSum,"low, low",10,low,low
28,IntSum,"low, high",11,low,high
28,IntSum,"high, low",10,high,low
28,IntSum,"low, medium",15,low,medium
28,IntSum,"high, medium",19,high,medium
28,IntSum,"high, high",20,high,high
28,IntSum,"low, low",4,low,low
29,LibSum,"low, high",16,low,high
29,LibSum,"high, low",8,high,low
29,LibSum,"low, medium",13,low,medium
29,LibSum,"high, medium",12,high,medium
29,LibSum,"high, high",13,high,high
29,LibSum,"low, low",10,low,low
29,IntSum,"low, high",15,low,high
29,IntSum,"high, low",11,high,low
29,IntSum,"low, medium",11,low,medium
29,IntSum,"high, medium",11,high,medium
29,IntSum,"high, high",13,high,high
29,IntSum,"low, low",9,low,low
30,LibSum,"low, high",16,low,high
30,LibSum,"high, low",11,high,low
30,LibSum,"low, medium",12,low,medium
30,LibSum,"high, medium",10,high,medium
30,LibSum,"high, high",14,high,high
30,LibSum,"low, low",8,low,low
30,IntSum,"low, high",18,low,high
30,IntSum,"high, low",13,high,low
30,IntSum,"low, medium",8,low,medium
30,IntSum,"high, medium",14,high,medium
30,IntSum,"high, high",20,high,high
30,IntSum,"low, low",8,low,low
31,LibSum,"low, high",19,low,high
31,LibSum,"high, low",4,high,low
31,LibSum,"low, medium",16,low,medium
31,LibSum,"high, medium",5,high,medium
31,LibSum,"high, high",18,high,high
31,LibSum,"low, low",11,low,low
31,IntSum,"low, high",10,low,high
31,IntSum,"high, low",8,high,low
31,IntSum,"low, medium",7,low,medium
31,IntSum,"high, medium",10,high,medium
31,IntSum,"high, high",20,high,high
31,IntSum,"low, low",5,low,low
32,LibSum,"low, high",20,low,high
32,LibSum,"high, low",10,high,low
32,LibSum,"low, medium",9,low,medium
32,LibSum,"high, medium",10,high,medium
32,LibSum,"high, high",14,high,high
32,LibSum,"low, low",13,low,low
32,IntSum,"low, high",17,low,high
32,IntSum,"high, low",8,high,low
32,IntSum,"low, medium",8,low,medium
32,IntSum,"high, medium",8,high,medium
32,IntSum,"high, high",20,high,high
32,IntSum,"low, low",13,low,low
34,LibSum,"low, high",12,low,high
34,LibSum,"high, low",11,high,low
34,LibSum,"low, medium",13,low,medium
34,LibSum,"high, medium",11,high,medium
34,LibSum,"high, high",11,high,high
34,LibSum,"low, low",12,low,low
34,IntSum,"low, high",11,low,high
34,IntSum,"high, low",14,high,low
34,IntSum,"low, medium",13,low,medium
34,IntSum,"high, medium",14,high,medium
34,IntSum,"high, high",14,high,high
34,IntSum,"low, low",10,low,low
35,LibSum,"low, high",15,low,high
35,LibSum,"high, low",13,high,low
35,LibSum,"low, medium",12,low,medium
35,LibSum,"high, medium",13,high,medium
35,LibSum,"high, high",16,high,high
35,LibSum,"low, low",13,low,low
35,IntSum,"low, high",11,low,high
35,IntSum,"high, low",16,high,low
35,IntSum,"low, medium",9,low,medium
35,IntSum,"high, medium",16,high,medium
35,IntSum,"high, high",17,high,high
35,IntSum,"low, low",15,low,low
36,LibSum,"low, high",12,low,high
36,LibSum,"high, low",11,high,low
36,LibSum,"low, medium",13,low,medium
36,LibSum,"high, medium",11,high,medium
36,LibSum,"high, high",12,high,high
36,LibSum,"low, low",12,low,low
36,IntSum,"low, high",16,low,high
36,IntSum,"high, low",13,high,low
36,IntSum,"low, medium",11,low,medium
36,IntSum,"high, medium",14,high,medium
36,IntSum,"high, high",17,high,high
36,IntSum,"low, low",9,low,low
37,LibSum,"low, high",16,low,high
37,LibSum,"high, low",13,high,low
37,LibSum,"low, medium",14,low,medium
37,LibSum,"high, medium",16,high,medium
37,LibSum,"high, high",14,high,high
37,LibSum,"low, low",12,low,low
37,IntSum,"low, high",13,low,high
37,IntSum,"high, low",9,high,low
37,IntSum,"low, medium",13,low,medium
37,IntSum,"high, medium",20,high,medium
37,IntSum,"high, high",19,high,high
37,IntSum,"low, low",6,low,low
38,LibSum,"low, high",18,low,high
38,LibSum,"high, low",8,high,low
38,LibSum,"low, medium",14,low,medium
38,LibSum,"high, medium",9,high,medium
38,LibSum,"high, high",18,high,high
38,LibSum,"low, low",9,low,low
38,IntSum,"low, high",13,low,high
38,IntSum,"high, low",10,high,low
38,IntSum,"low, medium",8,low,medium
38,IntSum,"high, medium",12,high,medium
38,IntSum,"high, high",18,high,high
38,IntSum,"low, low",6,low,low
39,LibSum,"low, high",14,low,high
39,LibSum,"high, low",10,high,low
39,LibSum,"low, medium",12,low,medium
39,LibSum,"high, medium",8,high,medium
39,LibSum,"high, high",14,high,high
39,LibSum,"low, low",12,low,low
39,IntSum,"low, high",20,low,high
39,IntSum,"high, low",12,high,low
39,IntSum,"low, medium",8,low,medium
39,IntSum,"high, medium",10,high,medium
39,IntSum,"high, high",16,high,high
39,IntSum,"low, low",4,low,low
41,LibSum,"low, high",17,low,high
41,LibSum,"high, low",8,high,low
41,LibSum,"low, medium",8,low,medium
41,LibSum,"high, medium",11,high,medium
41,LibSum,"high, high",14,high,high
41,LibSum,"low, low",11,low,low
41,IntSum,"low, high",10,low,high
41,IntSum,"high, low",14,high,low
41,IntSum,"low, medium",9,low,medium
41,IntSum,"high, medium",15,high,medium
41,IntSum,"high, high",17,high,high
41,IntSum,"low, low",8,low,low
42,LibSum,"low, high",17,low,high
42,LibSum,"high, low",10,high,low
42,LibSum,"low, medium",11,low,medium
42,LibSum,"high, medium",11,high,medium
42,LibSum,"high, high",14,high,high
42,LibSum,"low, low",10,low,low
42,IntSum,"low, high",12,low,high
42,IntSum,"high, low",12,high,low
42,IntSum,"low, medium",9,low,medium
42,IntSum,"high, medium",14,high,medium
42,IntSum,"high, high",13,high,high
42,IntSum,"low, low",9,low,low
43,LibSum,"low, high",12,low,high
43,LibSum,"high, low",11,high,low
43,LibSum,"low, medium",12,low,medium
43,LibSum,"high, medium",12,high,medium
43,LibSum,"high, high",12,high,high
43,LibSum,"low, low",12,low,low
43,IntSum,"low, high",13,low,high
43,IntSum,"high, low",11,high,low
43,IntSum,"low, medium",10,low,medium
43,IntSum,"high, medium",12,high,medium
43,IntSum,"high, high",17,high,high
43,IntSum,"low, low",6,low,low
44,LibSum,"low, high",11,low,high
44,LibSum,"high, low",11,high,low
44,LibSum,"low, medium",11,low,medium
44,LibSum,"high, medium",11,high,medium
44,LibSum,"high, high",11,high,high
44,LibSum,"low, low",12,low,low
44,IntSum,"low, high",11,low,high
44,IntSum,"high, low",13,high,low
44,IntSum,"low, medium",9,low,medium
44,IntSum,"high, medium",15,high,medium
44,IntSum,"high, high",19,high,high
44,IntSum,"low, low",6,low,low
46,LibSum,"low, high",18,low,high
46,LibSum,"high, low",7,high,low
46,LibSum,"low, medium",16,low,medium
46,LibSum,"high, medium",10,high,medium
46,LibSum,"high, high",13,high,high
46,LibSum,"low, low",10,low,low
46,IntSum,"low, high",13,low,high
46,IntSum,"high, low",13,high,low
46,IntSum,"low, medium",8,low,medium
46,IntSum,"high, medium",12,high,medium
46,IntSum,"high, high",15,high,high
46,IntSum,"low, low",8,low,low
48,LibSum,"low, high",19,low,high
48,LibSum,"high, low",12,high,low
48,LibSum,"low, medium",13,low,medium
48,LibSum,"high, medium",11,high,medium
48,LibSum,"high, high",14,high,high
48,LibSum,"low, low",6,low,low
48,IntSum,"low, high",18,low,high
48,IntSum,"high, low",14,high,low
48,IntSum,"low, medium",8,low,medium
48,IntSum,"high, medium",17,high,medium
48,IntSum,"high, high",19,high,high
48,IntSum,"low, low",7,low,low
49,LibSum,"low, high",15,low,high
49,LibSum,"high, low",10,high,low
49,LibSum,"low, medium",12,low,medium
49,LibSum,"high, medium",12,high,medium
49,LibSum,"high, high",12,high,high
49,LibSum,"low, low",12,low,low
49,IntSum,"low, high",11,low,high
49,IntSum,"high, low",13,high,low
49,IntSum,"low, medium",7,low,medium
49,IntSum,"high, medium",16,high,medium
49,IntSum,"high, high",16,high,high
49,IntSum,"low, low",8,low,low
50,LibSum,"low, high",12,low,high
50,LibSum,"high, low",6,high,low
50,LibSum,"low, medium",17,low,medium
50,LibSum,"high, medium",12,high,medium
50,LibSum,"high, high",9,high,high
50,LibSum,"low, low",6,low,low
50,IntSum,"low, high",15,low,high
50,IntSum,"high, low",10,high,low
50,IntSum,"low, medium",10,low,medium
50,IntSum,"high, medium",12,high,medium
50,IntSum,"high, high",17,high,high
50,IntSum,"low, low",5,low,low
51,LibSum,"low, high",12,low,high
51,LibSum,"high, low",11,high,low
51,LibSum,"low, medium",12,low,medium
51,LibSum,"high, medium",12,high,medium
51,LibSum,"high, high",13,high,high
51,LibSum,"low, low",13,low,low
51,IntSum,"low, high",12,low,high
51,IntSum,"high, low",16,high,low
51,IntSum,"low, medium",8,low,medium
51,IntSum,"high, medium",14,high,medium
51,IntSum,"high, high",19,high,high
51,IntSum,"low, low",6,low,low
52,LibSum,"low, high",12,low,high
52,LibSum,"high, low",9,high,low
52,LibSum,"low, medium",11,low,medium
52,LibSum,"high, medium",12,high,medium
52,LibSum,"high, high",12,high,high
52,LibSum,"low, low",11,low,low
52,IntSum,"low, high",6,low,high
52,IntSum,"high, low",8,high,low
52,IntSum,"low, medium",9,low,medium
52,IntSum,"high, medium",15,high,medium
52,IntSum,"high, high",16,high,high
52,IntSum,"low, low",16,low,low
53,LibSum,"low, high",17,low,high
53,LibSum,"high, low",6,high,low
53,LibSum,"low, medium",12,low,medium
53,LibSum,"high, medium",12,high,medium
53,LibSum,"high, high",20,high,high
53,LibSum,"low, low",4,low,low
53,IntSum,"low, high",16,low,high
53,IntSum,"high, low",6,high,low
53,IntSum,"low, medium",9,low,medium
53,IntSum,"high, medium",11,high,medium
53,IntSum,"high, high",20,high,high
53,IntSum,"low, low",4,low,low
54,LibSum,"low, high",16,low,high
54,LibSum,"high, low",11,high,low
54,LibSum,"low, medium",8,low,medium
54,LibSum,"high, medium",15,high,medium
54,LibSum,"high, high",14,high,high
54,LibSum,"low, low",12,low,low
54,IntSum,"low, high",10,low,high
54,IntSum,"high, low",15,high,low
54,IntSum,"low, medium",5,low,medium
54,IntSum,"high, medium",15,high,medium
54,IntSum,"high, high",19,high,high
54,IntSum,"low, low",14,low,low
55,LibSum,"low, high",16,low,high
55,LibSum,"high, low",11,high,low
55,LibSum,"low, medium",11,low,medium
55,LibSum,"high, medium",12,high,medium
55,LibSum,"high, high",11,high,high
55,LibSum,"low, low",12,low,low
55,IntSum,"low, high",11,low,high
55,IntSum,"high, low",15,high,low
55,IntSum,"low, medium",9,low,medium
55,IntSum,"high, medium",17,high,medium
55,IntSum,"high, high",16,high,high
55,IntSum,"low, low",8,low,low
57,LibSum,"low, high",16,low,high
57,LibSum,"high, low",6,high,low
57,LibSum,"low, medium",4,low,medium
57,LibSum,"high, medium",10,high,medium
57,LibSum,"high, high",20,high,high
57,LibSum,"low, low",7,low,low
57,IntSum,"low, high",11,low,high
57,IntSum,"high, low",11,high,low
57,IntSum,"low, medium",7,low,medium
57,IntSum,"high, medium",14,high,medium
57,IntSum,"high, high",20,high,high
57,IntSum,"low, low",5,low,low
58,LibSum,"low, high",12,low,high
58,LibSum,"high, low",11,high,low
58,LibSum,"low, medium",11,low,medium
58,LibSum,"high, medium",11,high,medium
58,LibSum,"high, high",11,high,high
58,LibSum,"low, low",12,low,low
58,IntSum,"low, high",12,low,high
58,IntSum,"high, low",13,high,low
58,IntSum,"low, medium",10,low,medium
58,IntSum,"high, medium",14,high,medium
58,IntSum,"high, high",16,high,high
58,IntSum,"low, low",8,low,low
59,LibSum,"low, high",15,low,high
59,LibSum,"high, low",8,high,low
59,LibSum,"low, medium",11,low,medium
59,LibSum,"high, medium",12,high,medium
59,LibSum,"high, high",14,high,high
59,LibSum,"low, low",11,low,low
59,IntSum,"low, high",14,low,high
59,IntSum,"high, low",11,high,low
59,IntSum,"low, medium",8,low,medium
59,IntSum,"high, medium",14,high,medium
59,IntSum,"high, high",17,high,high
59,IntSum,"low, low",5,low,low
60,LibSum,"low, high",12,low,high
60,LibSum,"high, low",12,high,low
60,LibSum,"low, medium",12,low,medium
60,LibSum,"high, medium",12,high,medium
60,LibSum,"high, high",12,high,high
60,LibSum,"low, low",12,low,low
60,IntSum,"low, high",12,low,high
60,IntSum,"high, low",16,high,low
60,IntSum,"low, medium",8,low,medium
60,IntSum,"high, medium",16,high,medium
60,IntSum,"high, high",19,high,high
60,IntSum,"low, low",6,low,low
61,LibSum,"low, high",18,low,high
61,LibSum,"high, low",12,high,low
61,LibSum,"low, medium",8,low,medium
61,LibSum,"high, medium",15,high,medium
61,LibSum,"high, high",14,high,high
61,LibSum,"low, low",7,low,low
61,IntSum,"low, high",19,low,high
61,IntSum,"high, low",14,high,low
61,IntSum,"low, medium",8,low,medium
61,IntSum,"high, medium",14,high,medium
61,IntSum,"high, high",16,high,high
61,IntSum,"low, low",7,low,low
62,LibSum,"low, high",19,low,high
62,LibSum,"high, low",10,high,low
62,LibSum,"low, medium",8,low,medium
62,LibSum,"high, medium",15,high,medium
62,LibSum,"high, high",14,high,high
62,LibSum,"low, low",9,low,low
62,IntSum,"low, high",8,low,high
62,IntSum,"high, low",16,high,low
62,IntSum,"low, medium",15,low,medium
62,IntSum,"high, medium",11,high,medium
62,IntSum,"high, high",17,high,high
62,IntSum,"low, low",9,low,low
63,LibSum,"low, high",17,low,high
63,LibSum,"high, low",8,high,low
63,LibSum,"low, medium",8,low,medium
63,LibSum,"high, medium",10,high,medium
63,LibSum,"high, high",13,high,high
63,LibSum,"low, low",11,low,low
63,IntSum,"low, high",13,low,high
63,IntSum,"high, low",9,high,low
63,IntSum,"low, medium",7,low,medium
63,IntSum,"high, medium",11,high,medium
63,IntSum,"high, high",11,high,high
63,IntSum,"low, low",12,low,low
64,LibSum,"low, high",13,low,high
64,LibSum,"high, low",11,high,low
64,LibSum,"low, medium",12,low,medium
64,LibSum,"high, medium",12,high,medium
64,LibSum,"high, high",12,high,high
64,LibSum,"low, low",11,low,low
64,IntSum,"low, high",13,low,high
64,IntSum,"high, low",18,high,low
64,IntSum,"low, medium",8,low,medium
64,IntSum,"high, medium",17,high,medium
64,IntSum,"high, high",16,high,high
64,IntSum,"low, low",9,low,low
66,LibSum,"low, high",16,low,high
66,LibSum,"high, low",9,high,low
66,LibSum,"low, medium",10,low,medium
66,LibSum,"high, medium",12,high,medium
66,LibSum,"high, high",13,high,high
66,LibSum,"low, low",10,low,low
66,IntSum,"low, high",11,low,high
66,IntSum,"high, low",15,high,low
66,IntSum,"low, medium",7,low,medium
66,IntSum,"high, medium",15,high,medium
66,IntSum,"high, high",16,high,high
66,IntSum,"low, low",7,low,low
67,LibSum,"low, high",13,low,high
67,LibSum,"high, low",6,high,low
67,LibSum,"low, medium",8,low,medium
67,LibSum,"high, medium",8,high,medium
67,LibSum,"high, high",16,high,high
67,LibSum,"low, low",8,low,low
67,IntSum,"low, high",12,low,high
67,IntSum,"high, low",9,high,low
67,IntSum,"low, medium",6,low,medium
67,IntSum,"high, medium",11,high,medium
67,IntSum,"high, high",18,high,high
67,IntSum,"low, low",4,low,low
68,LibSum,"low, high",18,low,high
68,LibSum,"high, low",8,high,low
68,LibSum,"low, medium",14,low,medium
68,LibSum,"high, medium",12,high,medium
68,LibSum,"high, high",13,high,high
68,LibSum,"low, low",9,low,low
68,IntSum,"low, high",12,low,high
68,IntSum,"high, low",12,high,low
68,IntSum,"low, medium",7,low,medium
68,IntSum,"high, medium",15,high,medium
68,IntSum,"high, high",19,high,high
68,IntSum,"low, low",4,low,low
69,LibSum,"low, high",19,low,high
69,LibSum,"high, low",7,high,low
69,LibSum,"low, medium",14,low,medium
69,LibSum,"high, medium",14,high,medium
69,LibSum,"high, high",17,high,high
69,LibSum,"low, low",7,low,low
69,IntSum,"low, high",18,low,high
69,IntSum,"high, low",7,high,low
69,IntSum,"low, medium",13,low,medium
69,IntSum,"high, medium",14,high,medium
69,IntSum,"high, high",19,high,high
69,IntSum,"low, low",5,low,low
70,LibSum,"low, high",16,low,high
70,LibSum,"high, low",8,high,low
70,LibSum,"low, medium",8,low,medium
70,LibSum,"high, medium",13,high,medium
70,LibSum,"high, high",9,high,high
70,LibSum,"low, low",9,low,low
70,IntSum,"low, high",16,low,high
70,IntSum,"high, low",7,high,low
70,IntSum,"low, medium",7,low,medium
70,IntSum,"high, medium",12,high,medium
70,IntSum,"high, high",14,high,high
70,IntSum,"low, low",8,low,low
71,LibSum,"low, high",17,low,high
71,LibSum,"high, low",9,high,low
71,LibSum,"low, medium",15,low,medium
71,LibSum,"high, medium",10,high,medium
71,LibSum,"high, high",12,high,high
71,LibSum,"low, low",7,low,low
71,IntSum,"low, high",16,low,high
71,IntSum,"high, low",12,high,low
71,IntSum,"low, medium",16,low,medium
71,IntSum,"high, medium",14,high,medium
71,IntSum,"high, high",18,high,high
71,IntSum,"low, low",5,low,low
72,LibSum,"low, high",15,low,high
72,LibSum,"high, low",14,high,low
72,LibSum,"low, medium",14,low,medium
72,LibSum,"high, medium",14,high,medium
72,LibSum,"high, high",13,high,high
72,LibSum,"low, low",14,low,low
72,IntSum,"low, high",10,low,high
72,IntSum,"high, low",10,high,low
72,IntSum,"low, medium",10,low,medium
72,IntSum,"high, medium",11,high,medium
72,IntSum,"high, high",13,high,high
72,IntSum,"low, low",10,low,low
74,LibSum,"low, high",12,low,high
74,LibSum,"high, low",12,high,low
74,LibSum,"low, medium",13,low,medium
74,LibSum,"high, medium",12,high,medium
74,LibSum,"high, high",12,high,high
74,LibSum,"low, low",12,low,low
74,IntSum,"low, high",16,low,high
74,IntSum,"high, low",9,high,low
74,IntSum,"low, medium",8,low,medium
74,IntSum,"high, medium",14,high,medium
74,IntSum,"high, high",16,high,high
74,IntSum,"low, low",8,low,low
75,LibSum,"low, high",13,low,high
75,LibSum,"high, low",9,high,low
75,LibSum,"low, medium",12,low,medium
75,LibSum,"high, medium",11,high,medium
75,LibSum,"high, high",10,high,high
75,LibSum,"low, low",10,low,low
75,IntSum,"low, high",14,low,high
75,IntSum,"high, low",13,high,low
75,IntSum,"low, medium",8,low,medium
75,IntSum,"high, medium",14,high,medium
75,IntSum,"high, high",18,high,high
75,IntSum,"low, low",14,low,low
76,LibSum,"low, high",13,low,high
76,LibSum,"high, low",11,high,low
76,LibSum,"low, medium",14,low,medium
76,LibSum,"high, medium",12,high,medium
76,LibSum,"high, high",16,high,high
76,LibSum,"low, low",13,low,low
76,IntSum,"low, high",4,low,high
76,IntSum,"high, low",19,high,low
76,IntSum,"low, medium",7,low,medium
76,IntSum,"high, medium",20,high,medium
76,IntSum,"high, high",20,high,high
76,IntSum,"low, low",4,low,low
77,LibSum,"low, high",14,low,high
77,LibSum,"high, low",12,high,low
77,LibSum,"low, medium",11,low,medium
77,LibSum,"high, medium",11,high,medium
77,LibSum,"high, high",9,high,high
77,LibSum,"low, low",9,low,low
77,IntSum,"low, high",9,low,high
77,IntSum,"high, low",13,high,low
77,IntSum,"low, medium",8,low,medium
77,IntSum,"high, medium",16,high,medium
77,IntSum,"high, high",20,high,high
77,IntSum,"low, low",8,low,low
78,LibSum,"low, high",16,low,high
78,LibSum,"high, low",12,high,low
78,LibSum,"low, medium",13,low,medium
78,LibSum,"high, medium",14,high,medium
78,LibSum,"high, high",17,high,high
78,LibSum,"low, low",11,low,low
78,IntSum,"low, high",15,low,high
78,IntSum,"high, low",13,high,low
78,IntSum,"low, medium",7,low,medium
78,IntSum,"high, medium",15,high,medium
78,IntSum,"high, high",19,high,high
78,IntSum,"low, low",6,low,low
80,LibSum,"low, high",18,low,high
80,LibSum,"high, low",7,high,low
80,LibSum,"low, medium",17,low,medium
80,LibSum,"high, medium",10,high,medium
80,LibSum,"high, high",16,high,high
80,LibSum,"low, low",10,low,low
80,IntSum,"low, high",11,low,high
80,IntSum,"high, low",12,high,low
80,IntSum,"low, medium",8,low,medium
80,IntSum,"high, medium",15,high,medium
80,IntSum,"high, high",18,high,high
80,IntSum,"low, low",8,low,low
81,LibSum,"low, high",15,low,high
81,LibSum,"high, low",10,high,low
81,LibSum,"low, medium",14,low,medium
81,LibSum,"high, medium",9,high,medium
81,LibSum,"high, high",7,high,high
81,LibSum,"low, low",14,low,low
81,IntSum,"low, high",18,low,high
81,IntSum,"high, low",8,high,low
81,IntSum,"low, medium",8,low,medium
81,IntSum,"high, medium",9,high,medium
81,IntSum,"high, high",20,high,high
81,IntSum,"low, low",4,low,low
82,LibSum,"low, high",16,low,high
82,LibSum,"high, low",8,high,low
82,LibSum,"low, medium",8,low,medium
82,LibSum,"high, medium",10,high,medium
82,LibSum,"high, high",15,high,high
82,LibSum,"low, low",9,low,low
82,IntSum,"low, high",11,low,high
82,IntSum,"high, low",14,high,low
82,IntSum,"low, medium",11,low,medium
82,IntSum,"high, medium",13,high,medium
82,IntSum,"high, high",15,high,high
82,IntSum,"low, low",9,low,low
83,LibSum,"low, high",17,low,high
83,LibSum,"high, low",6,high,low
83,LibSum,"low, medium",13,low,medium
83,LibSum,"high, medium",8,high,medium
83,LibSum,"high, high",14,high,high
83,LibSum,"low, low",12,low,low
83,IntSum,"low, high",14,low,high
83,IntSum,"high, low",9,high,low
83,IntSum,"low, medium",8,low,medium
83,IntSum,"high, medium",12,high,medium
83,IntSum,"high, high",15,high,high
83,IntSum,"low, low",7,low,low
84,LibSum,"low, high",13,low,high
84,LibSum,"high, low",9,high,low
84,LibSum,"low, medium",12,low,medium
84,LibSum,"high, medium",10,high,medium
84,LibSum,"high, high",13,high,high
84,LibSum,"low, low",11,low,low
84,IntSum,"low, high",10,low,high
84,IntSum,"high, low",12,high,low
84,IntSum,"low, medium",6,low,medium
84,IntSum,"high, medium",14,high,medium
84,IntSum,"high, high",18,high,high
84,IntSum,"low, low",8,low,low
85,LibSum,"low, high",18,low,high
85,LibSum,"high, low",8,high,low
85,LibSum,"low, medium",15,low,medium
85,LibSum,"high, medium",10,high,medium
85,LibSum,"high, high",16,high,high
85,LibSum,"low, low",14,low,low
85,IntSum,"low, high",11,low,high
85,IntSum,"high, low",10,high,low
85,IntSum,"low, medium",7,low,medium
85,IntSum,"high, medium",12,high,medium
85,IntSum,"high, high",19,high,high
85,IntSum,"low, low",6,low,low
86,LibSum,"low, high",16,low,high
86,LibSum,"high, low",13,high,low
86,LibSum,"low, medium",12,low,medium
86,LibSum,"high, medium",11,high,medium
86,LibSum,"high, high",12,high,high
86,LibSum,"low, low",12,low,low
86,IntSum,"low, high",6,low,high
86,IntSum,"high, low",12,high,low
86,IntSum,"low, medium",12,low,medium
86,IntSum,"high, medium",9,high,medium
86,IntSum,"high, high",11,high,high
86,IntSum,"low, low",11,low,low
87,LibSum,"low, high",12,low,high
87,LibSum,"high, low",12,high,low
87,LibSum,"low, medium",12,low,medium
87,LibSum,"high, medium",12,high,medium
87,LibSum,"high, high",12,high,high
87,LibSum,"low, low",12,low,low
87,IntSum,"low, high",12,low,high
87,IntSum,"high, low",12,high,low
87,IntSum,"low, medium",12,low,medium
87,IntSum,"high, medium",12,high,medium
87,IntSum,"high, high",12,high,high
87,IntSum,"low, low",12,low,low
88,LibSum,"low, high",10,low,high
88,LibSum,"high, low",8,high,low
88,LibSum,"low, medium",12,low,medium
88,LibSum,"high, medium",11,high,medium
88,LibSum,"high, high",13,high,high
88,LibSum,"low, low",11,low,low
88,IntSum,"low, high",17,low,high
88,IntSum,"high, low",10,high,low
88,IntSum,"low, medium",11,low,medium
88,IntSum,"high, medium",12,high,medium
88,IntSum,"high, high",16,high,high
88,IntSum,"low, low",8,low,low
89,LibSum,"low, high",20,low,high
89,LibSum,"high, low",10,high,low
89,LibSum,"low, medium",11,low,medium
89,LibSum,"high, medium",11,high,medium
89,LibSum,"high, high",11,high,high
89,LibSum,"low, low",12,low,low
89,IntSum,"low, high",16,low,high
89,IntSum,"high, low",7,high,low
89,IntSum,"low, medium",10,low,medium
89,IntSum,"high, medium",10,high,medium
89,IntSum,"high, high",10,high,high
89,IntSum,"low, low",4,low,low
90,LibSum,"low, high",16,low,high
90,LibSum,"high, low",12,high,low
90,LibSum,"low, medium",12,low,medium
90,LibSum,"high, medium",11,high,medium
90,LibSum,"high, high",15,high,high
90,LibSum,"low, low",12,low,low
90,IntSum,"low, high",16,low,high
90,IntSum,"high, low",8,high,low
90,IntSum,"low, medium",10,low,medium
90,IntSum,"high, medium",14,high,medium
90,IntSum,"high, high",20,high,high
90,IntSum,"low, low",4,low,low
93,LibSum,"low, high",17,low,high
93,LibSum,"high, low",5,high,low
93,LibSum,"low, medium",12,low,medium
93,LibSum,"high, medium",15,high,medium
93,LibSum,"high, high",13,high,high
93,LibSum,"low, low",6,low,low
93,IntSum,"low, high",16,low,high
93,IntSum,"high, low",8,high,low
93,IntSum,"low, medium",11,low,medium
93,IntSum,"high, medium",12,high,medium
93,IntSum,"high, high",20,high,high
93,IntSum,"low, low",6,low,low
94,LibSum,"low, high",17,low,high
94,LibSum,"high, low",8,high,low
94,LibSum,"low, medium",10,low,medium
94,LibSum,"high, medium",8,high,medium
94,LibSum,"high, high",16,high,high
94,LibSum,"low, low",10,low,low
94,IntSum,"low, high",20,low,high
94,IntSum,"high, low",8,high,low
94,IntSum,"low, medium",11,low,medium
94,IntSum,"high, medium",7,high,medium
94,IntSum,"high, high",19,high,high
94,IntSum,"low, low",7,low,low
95,LibSum,"low, high",14,low,high
95,LibSum,"high, low",10,high,low
95,LibSum,"low, medium",10,low,medium
95,LibSum,"high, medium",10,high,medium
95,LibSum,"high, high",13,high,high
95,LibSum,"low, low",9,low,low
95,IntSum,"low, high",12,low,high
95,IntSum,"high, low",7,high,low
95,IntSum,"low, medium",8,low,medium
95,IntSum,"high, medium",8,high,medium
95,IntSum,"high, high",20,high,high
95,IntSum,"low, low",8,low,low
96,LibSum,"low, high",13,low,high
96,LibSum,"high, low",6,high,low
96,LibSum,"low, medium",13,low,medium
96,LibSum,"high, medium",8,high,medium
96,LibSum,"high, high",7,high,high
96,LibSum,"low, low",14,low,low
96,IntSum,"low, high",14,low,high
96,IntSum,"high, low",12,high,low
96,IntSum,"low, medium",6,low,medium
96,IntSum,"high, medium",16,high,medium
96,IntSum,"high, high",14,high,high
96,IntSum,"low, low",9,low,low
98,LibSum,"low, high",14,low,high
98,LibSum,"high, low",10,high,low
98,LibSum,"low, medium",10,low,medium
98,LibSum,"high, medium",14,high,medium
98,LibSum,"high, high",16,high,high
98,LibSum,"low, low",8,low,low
98,IntSum,"low, high",10,low,high
98,IntSum,"high, low",15,high,low
98,IntSum,"low, medium",7,low,medium
98,IntSum,"high, medium",16,high,medium
98,IntSum,"high, high",20,high,high
98,IntSum,"low, low",6,low,low
99,LibSum,"low, high",12,low,high
99,LibSum,"high, low",11,high,low
99,LibSum,"low, medium",12,low,medium
99,LibSum,"high, medium",12,high,medium
99,LibSum,"high, high",10,high,high
99,LibSum,"low, low",12,low,low
99,IntSum,"low, high",15,low,high
99,IntSum,"high, low",11,high,low
99,IntSum,"low, medium",8,low,medium
99,IntSum,"high, medium",16,high,medium
99,IntSum,"high, high",18,high,high
99,IntSum,"low, low",8,low,low
100,LibSum,"low, high",13,low,high
100,LibSum,"high, low",13,high,low
100,LibSum,"low, medium",11,low,medium
100,LibSum,"high, medium",11,high,medium
100,LibSum,"high, high",14,high,high
100,LibSum,"low, low",12,low,low
100,IntSum,"low, high",9,low,high
100,IntSum,"high, low",15,high,low
100,IntSum,"low, medium",6,low,medium
100,IntSum,"high, medium",15,high,medium
100,IntSum,"high, high",18,high,high
100,IntSum,"low, low",4,low,low
101,LibSum,"low, high",17,low,high
101,LibSum,"high, low",10,high,low
101,LibSum,"low, medium",14,low,medium
101,LibSum,"high, medium",10,high,medium
101,LibSum,"high, high",12,high,high
101,LibSum,"low, low",15,low,low
101,IntSum,"low, high",16,low,high
101,IntSum,"high, low",10,high,low
101,IntSum,"low, medium",12,low,medium
101,IntSum,"high, medium",12,high,medium
101,IntSum,"high, high",11,high,high
101,IntSum,"low, low",14,low,low
104,LibSum,"low, high",16,low,high
104,LibSum,"high, low",6,high,low
104,LibSum,"low, medium",9,low,medium
104,LibSum,"high, medium",6,high,medium
104,LibSum,"high, high",7,high,high
104,LibSum,"low, low",13,low,low
104,IntSum,"low, high",17,low,high
104,IntSum,"high, low",13,high,low
104,IntSum,"low, medium",5,low,medium
104,IntSum,"high, medium",16,high,medium
104,IntSum,"high, high",20,high,high
104,IntSum,"low, low",4,low,low
105,LibSum,"low, high",16,low,high
105,LibSum,"high, low",8,high,low
105,LibSum,"low, medium",11,low,medium
105,LibSum,"high, medium",12,high,medium
105,LibSum,"high, high",17,high,high
105,LibSum,"low, low",8,low,low
105,IntSum,"low, high",12,low,high
105,IntSum,"high, low",15,high,low
105,IntSum,"low, medium",8,low,medium
105,IntSum,"high, medium",15,high,medium
105,IntSum,"high, high",17,high,high
105,IntSum,"low, low",4,low,low
108,LibSum,"low, high",15,low,high
108,LibSum,"high, low",5,high,low
108,LibSum,"low, medium",7,low,medium
108,LibSum,"high, medium",4,high,medium
108,LibSum,"high, high",16,high,high
108,LibSum,"low, low",10,low,low
108,IntSum,"low, high",10,low,high
108,IntSum,"high, low",14,high,low
108,IntSum,"low, medium",4,low,medium
108,IntSum,"high, medium",8,high,medium
108,IntSum,"high, high",18,high,high
108,IntSum,"low, low",4,low,low
109,LibSum,"low, high",18,low,high
109,LibSum,"high, low",15,high,low
109,LibSum,"low, medium",10,low,medium
109,LibSum,"high, medium",9,high,medium
109,LibSum,"high, high",14,high,high
109,LibSum,"low, low",6,low,low
109,IntSum,"low, high",19,low,high
109,IntSum,"high, low",16,high,low
109,IntSum,"low, medium",11,low,medium
109,IntSum,"high, medium",15,high,medium
109,IntSum,"high, high",17,high,high
109,IntSum,"low, low",8,low,low
110,LibSum,"low, high",15,low,high
110,LibSum,"high, low",9,high,low
110,LibSum,"low, medium",12,low,medium
110,LibSum,"high, medium",14,high,medium
110,LibSum,"high, high",16,high,high
110,LibSum,"low, low",11,low,low
110,IntSum,"low, high",16,low,high
110,IntSum,"high, low",7,high,low
110,IntSum,"low, medium",6,low,medium
110,IntSum,"high, medium",13,high,medium
110,IntSum,"high, high",20,high,high
110,IntSum,"low, low",4,low,low
112,LibSum,"low, high",17,low,high
112,LibSum,"high, low",8,high,low
112,LibSum,"low, medium",12,low,medium
112,LibSum,"high, medium",11,high,medium
112,LibSum,"high, high",16,high,high
112,LibSum,"low, low",11,low,low
112,IntSum,"low, high",12,low,high
112,IntSum,"high, low",15,high,low
112,IntSum,"low, medium",9,low,medium
112,IntSum,"high, medium",14,high,medium
112,IntSum,"high, high",16,high,high
112,IntSum,"low, low",9,low,low
113,LibSum,"low, high",12,low,high
113,LibSum,"high, low",13,high,low
113,LibSum,"low, medium",12,low,medium
113,LibSum,"high, medium",11,high,medium
113,LibSum,"high, high",13,high,high
113,LibSum,"low, low",12,low,low
113,IntSum,"low, high",10,low,high
113,IntSum,"high, low",10,high,low
113,IntSum,"low, medium",10,low,medium
113,IntSum,"high, medium",16,high,medium
113,IntSum,"high, high",18,high,high
113,IntSum,"low, low",4,low,low
114,LibSum,"low, high",16,low,high
114,LibSum,"high, low",6,high,low
114,LibSum,"low, medium",12,low,medium
114,LibSum,"high, medium",7,high,medium
114,LibSum,"high, high",14,high,high
114,LibSum,"low, low",13,low,low
114,IntSum,"low, high",20,low,high
114,IntSum,"high, low",4,high,low
114,IntSum,"low, medium",6,low,medium
114,IntSum,"high, medium",10,high,medium
114,IntSum,"high, high",18,high,high
114,IntSum,"low, low",4,low,low
116,LibSum,"low, high",17,low,high
116,LibSum,"high, low",7,high,low
116,LibSum,"low, medium",11,low,medium
116,LibSum,"high, medium",8,high,medium
116,LibSum,"high, high",15,high,high
116,LibSum,"low, low",10,low,low
116,IntSum,"low, high",16,low,high
116,IntSum,"high, low",11,high,low
116,IntSum,"low, medium",6,low,medium
116,IntSum,"high, medium",9,high,medium
116,IntSum,"high, high",14,high,high
116,IntSum,"low, low",5,low,low
117,LibSum,"low, high",18,low,high
117,LibSum,"high, low",7,high,low
117,LibSum,"low, medium",14,low,medium
117,LibSum,"high, medium",11,high,medium
117,LibSum,"high, high",12,high,high
117,LibSum,"low, low",14,low,low
117,IntSum,"low, high",11,low,high
117,IntSum,"high, low",8,high,low
117,IntSum,"low, medium",9,low,medium
117,IntSum,"high, medium",8,high,medium
117,IntSum,"high, high",15,high,high
117,IntSum,"low, low",8,low,low
118,LibSum,"low, high",12,low,high
118,LibSum,"high, low",12,high,low
118,LibSum,"low, medium",12,low,medium
118,LibSum,"high, medium",12,high,medium
118,LibSum,"high, high",13,high,high
118,LibSum,"low, low",12,low,low
118,IntSum,"low, high",12,low,high
118,IntSum,"high, low",13,high,low
118,IntSum,"low, medium",12,low,medium
118,IntSum,"high, medium",12,high,medium
118,IntSum,"high, high",14,high,high
118,IntSum,"low, low",12,low,low
119,LibSum,"low, high",7,low,high
119,LibSum,"high, low",4,high,low
119,LibSum,"low, medium",12,low,medium
119,LibSum,"high, medium",12,high,medium
119,LibSum,"high, high",8,high,high
119,LibSum,"low, low",7,low,low
119,IntSum,"low, high",7,low,high
119,IntSum,"high, low",12,high,low
119,IntSum,"low, medium",4,low,medium
119,IntSum,"high, medium",4,high,medium
119,IntSum,"high, high",4,high,high
119,IntSum,"low, low",8,low,low
120,LibSum,"low, high",15,low,high
120,LibSum,"high, low",8,high,low
120,LibSum,"low, medium",11,low,medium
120,LibSum,"high, medium",11,high,medium
120,LibSum,"high, high",16,high,high
120,LibSum,"low, low",8,low,low
120,IntSum,"low, high",17,low,high
120,IntSum,"high, low",11,high,low
120,IntSum,"low, medium",6,low,medium
120,IntSum,"high, medium",10,high,medium
120,IntSum,"high, high",17,high,high
120,IntSum,"low, low",7,low,low
123,LibSum,"low, high",17,low,high
123,LibSum,"high, low",5,high,low
123,LibSum,"low, medium",11,low,medium
123,LibSum,"high, medium",12,high,medium
123,LibSum,"high, high",19,high,high
123,LibSum,"low, low",5,low,low
123,IntSum,"low, high",14,low,high
123,IntSum,"high, low",12,high,low
123,IntSum,"low, medium",4,low,medium
123,IntSum,"high, medium",10,high,medium
123,IntSum,"high, high",17,high,high
123,IntSum,"low, low",5,low,low
124,LibSum,"low, high",16,low,high
124,LibSum,"high, low",8,high,low
124,LibSum,"low, medium",8,low,medium
124,LibSum,"high, medium",6,high,medium
124,LibSum,"high, high",17,high,high
124,LibSum,"low, low",16,low,low
124,IntSum,"low, high",10,low,high
124,IntSum,"high, low",8,high,low
124,IntSum,"low, medium",14,low,medium
124,IntSum,"high, medium",11,high,medium
124,IntSum,"high, high",20,high,high
124,IntSum,"low, low",10,low,low
125,LibSum,"low, high",10,low,high
125,LibSum,"high, low",12,high,low
125,LibSum,"low, medium",10,low,medium
125,LibSum,"high, medium",12,high,medium
125,LibSum,"high, high",12,high,high
125,LibSum,"low, low",10,low,low
125,IntSum,"low, high",14,low,high
125,IntSum,"high, low",18,high,low
125,IntSum,"low, medium",10,low,medium
125,IntSum,"high, medium",18,high,medium
125,IntSum,"high, high",16,high,high
125,IntSum,"low, low",18,low,low
126,LibSum,"low, high",15,low,high
126,LibSum,"high, low",8,high,low
126,LibSum,"low, medium",14,low,medium
126,LibSum,"high, medium",8,high,medium
126,LibSum,"high, high",15,high,high
126,LibSum,"low, low",12,low,low
126,IntSum,"low, high",13,low,high
126,IntSum,"high, low",13,high,low
126,IntSum,"low, medium",10,low,medium
126,IntSum,"high, medium",14,high,medium
126,IntSum,"high, high",18,high,high
126,IntSum,"low, low",7,low,low
129,LibSum,"low, high",11,low,high
129,LibSum,"high, low",12,high,low
129,LibSum,"low, medium",16,low,medium
129,LibSum,"high, medium",12,high,medium
129,LibSum,"high, high",11,high,high
129,LibSum,"low, low",12,low,low
129,IntSum,"low, high",13,low,high
129,IntSum,"high, low",16,high,low
129,IntSum,"low, medium",16,low,medium
129,IntSum,"high, medium",11,high,medium
129,IntSum,"high, high",15,high,high
129,IntSum,"low, low",5,low,low
130,LibSum,"low, high",20,low,high
130,LibSum,"high, low",4,high,low
130,LibSum,"low, medium",17,low,medium
130,LibSum,"high, medium",7,high,medium
130,LibSum,"high, high",11,high,high
130,LibSum,"low, low",16,low,low
130,IntSum,"low, high",20,low,high
130,IntSum,"high, low",6,high,low
130,IntSum,"low, medium",11,low,medium
130,IntSum,"high, medium",6,high,medium
130,IntSum,"high, high",17,high,high
130,IntSum,"low, low",12,low,low
131,LibSum,"low, high",11,low,high
131,LibSum,"high, low",16,high,low
131,LibSum,"low, medium",15,low,medium
131,LibSum,"high, medium",13,high,medium
131,LibSum,"high, high",10,high,high
131,LibSum,"low, low",13,low,low
131,IntSum,"low, high",16,low,high
131,IntSum,"high, low",12,high,low
131,IntSum,"low, medium",14,low,medium
131,IntSum,"high, medium",16,high,medium
131,IntSum,"high, high",14,high,high
131,IntSum,"low, low",14,low,low
132,LibSum,"low, high",17,low,high
132,LibSum,"high, low",7,high,low
132,LibSum,"low, medium",12,low,medium
132,LibSum,"high, medium",8,high,medium
132,LibSum,"high, high",6,high,high
132,LibSum,"low, low",11,low,low
132,IntSum,"low, high",12,low,high
132,IntSum,"high, low",14,high,low
132,IntSum,"low, medium",8,low,medium
132,IntSum,"high, medium",14,high,medium
132,IntSum,"high, high",14,high,high
132,IntSum,"low, low",6,low,low
134,LibSum,"low, high",19,low,high
134,LibSum,"high, low",4,high,low
134,LibSum,"low, medium",11,low,medium
134,LibSum,"high, medium",9,high,medium
134,LibSum,"high, high",16,high,high
134,LibSum,"low, low",8,low,low
134,IntSum,"low, high",12,low,high
134,IntSum,"high, low",11,high,low
134,IntSum,"low, medium",10,low,medium
134,IntSum,"high, medium",8,high,medium
134,IntSum,"high, high",18,high,high
134,IntSum,"low, low",4,low,low
135,LibSum,"low, high",17,low,high
135,LibSum,"high, low",8,high,low
135,LibSum,"low, medium",15,low,medium
135,LibSum,"high, medium",9,high,medium
135,LibSum,"high, high",13,high,high
135,LibSum,"low, low",18,low,low
135,IntSum,"low, high",16,low,high
135,IntSum,"high, low",20,high,low
135,IntSum,"low, medium",14,low,medium
135,IntSum,"high, medium",14,high,medium
135,IntSum,"high, high",13,high,high
135,IntSum,"low, low",7,low,low
136,LibSum,"low, high",15,low,high
136,LibSum,"high, low",8,high,low
136,LibSum,"low, medium",11,low,medium
136,LibSum,"high, medium",10,high,medium
136,LibSum,"high, high",16,high,high
136,LibSum,"low, low",8,low,low
136,IntSum,"low, high",13,low,high
136,IntSum,"high, low",12,high,low
136,IntSum,"low, medium",8,low,medium
136,IntSum,"high, medium",13,high,medium
136,IntSum,"high, high",17,high,high
136,IntSum,"low, low",8,low,low
138,LibSum,"low, high",13,low,high
138,LibSum,"high, low",13,high,low
138,LibSum,"low, medium",13,low,medium
138,LibSum,"high, medium",11,high,medium
138,LibSum,"high, high",12,high,high
138,LibSum,"low, low",11,low,low
138,IntSum,"low, high",10,low,high
138,IntSum,"high, low",14,high,low
138,IntSum,"low, medium",9,low,medium
138,IntSum,"high, medium",16,high,medium
138,IntSum,"high, high",17,high,high
138,IntSum,"low, low",9,low,low
139,LibSum,"low, high",20,low,high
139,LibSum,"high, low",6,high,low
139,LibSum,"low, medium",9,low,medium
139,LibSum,"high, medium",10,high,medium
139,LibSum,"high, high",16,high,high
139,LibSum,"low, low",6,low,low
139,IntSum,"low, high",14,low,high
139,IntSum,"high, low",7,high,low
139,IntSum,"low, medium",4,low,medium
139,IntSum,"high, medium",12,high,medium
139,IntSum,"high, high",18,high,high
139,IntSum,"low, low",10,low,low
141,LibSum,"low, high",15,low,high
141,LibSum,"high, low",5,high,low
141,LibSum,"low, medium",16,low,medium
141,LibSum,"high, medium",6,high,medium
141,LibSum,"high, high",15,high,high
141,LibSum,"low, low",8,low,low
141,IntSum,"low, high",14,low,high
141,IntSum,"high, low",19,high,low
141,IntSum,"low, medium",17,low,medium
141,IntSum,"high, medium",19,high,medium
141,IntSum,"high, high",19,high,high
141,IntSum,"low, low",10,low,low
142,LibSum,"low, high",17,low,high
142,LibSum,"high, low",4,high,low
142,LibSum,"low, medium",14,low,medium
142,LibSum,"high, medium",10,high,medium
142,LibSum,"high, high",19,high,high
142,LibSum,"low, low",6,low,low
142,IntSum,"low, high",20,low,high
142,IntSum,"high, low",10,high,low
142,IntSum,"low, medium",14,low,medium
142,IntSum,"high, medium",17,high,medium
142,IntSum,"high, high",20,high,high
142,IntSum,"low, low",6,low,low
143,LibSum,"low, high",15,low,high
143,LibSum,"high, low",15,high,low
143,LibSum,"low, medium",10,low,medium
143,LibSum,"high, medium",15,high,medium
143,LibSum,"high, high",15,high,high
143,LibSum,"low, low",6,low,low
143,IntSum,"low, high",14,low,high
143,IntSum,"high, low",16,high,low
143,IntSum,"low, medium",8,low,medium
143,IntSum,"high, medium",16,high,medium
143,IntSum,"high, high",16,high,high
143,IntSum,"low, low",8,low,low
144,LibSum,"low, high",13,low,high
144,LibSum,"high, low",10,high,low
144,LibSum,"low, medium",16,low,medium
144,LibSum,"high, medium",15,high,medium
144,LibSum,"high, high",16,high,high
144,LibSum,"low, low",9,low,low
144,IntSum,"low, high",14,low,high
144,IntSum,"high, low",10,high,low
144,IntSum,"low, medium",15,low,medium
144,IntSum,"high, medium",15,high,medium
144,IntSum,"high, high",15,high,high
144,IntSum,"low, low",8,low,low
145,LibSum,"low, high",14,low,high
145,LibSum,"high, low",9,high,low
145,LibSum,"low, medium",12,low,medium
145,LibSum,"high, medium",11,high,medium
145,LibSum,"high, high",14,high,high
145,LibSum,"low, low",18,low,low
145,IntSum,"low, high",10,low,high
145,IntSum,"high, low",15,high,low
145,IntSum,"low, medium",9,low,medium
145,IntSum,"high, medium",15,high,medium
145,IntSum,"high, high",16,high,high
145,IntSum,"low, low",10,low,low
146,LibSum,"low, high",12,low,high
146,LibSum,"high, low",8,high,low
146,LibSum,"low, medium",11,low,medium
146,LibSum,"high, medium",11,high,medium
146,LibSum,"high, high",15,high,high
146,LibSum,"low, low",12,low,low
146,IntSum,"low, high",18,low,high
146,IntSum,"high, low",4,high,low
146,IntSum,"low, medium",7,low,medium
146,IntSum,"high, medium",6,high,medium
146,IntSum,"high, high",18,high,high
146,IntSum,"low, low",7,low,low
148,LibSum,"low, high",15,low,high
148,LibSum,"high, low",13,high,low
148,LibSum,"low, medium",12,low,medium
148,LibSum,"high, medium",13,high,medium
148,LibSum,"high, high",9,high,high
148,LibSum,"low, low",14,low,low
148,IntSum,"low, high",19,low,high
148,IntSum,"high, low",14,high,low
148,IntSum,"low, medium",14,low,medium
148,IntSum,"high, medium",17,high,medium
148,IntSum,"high, high",14,high,high
148,IntSum,"low, low",15,low,low
